{
  "scores": [
    0.36000000000000004,
    0.36000000000000004,
    0.36000000000000004,
    0.36000000000000004,
    0.36000000000000004,
    0.36000000000000004,
    0.36000000000000004,
    0.27999999999999997,
    0.27999999999999997,
    0.27999999999999997,
    0.34,
    0.34,
    0.34,
    0.34,
    0.32,
    0.36000000000000004,
    0.36000000000000004,
    0.36000000000000004,
    0.36000000000000004,
    0.36000000000000004,
    0.10999999999999999,
    0.020000000000000018,
    0.020000000000000018,
    0.020000000000000018,
    0.12,
    0.29000000000000004,
    0.29000000000000004,
    0.29000000000000004,
    0.29000000000000004,
    0.29000000000000004,
    0.27,
    0.27,
    0.27,
    0.27,
    0.27,
    0.29000000000000004,
    0.29000000000000004,
    0.29000000000000004,
    0.29000000000000004,
    0.29000000000000004,
    0.27,
    0.27,
    0.27,
    0.27,
    0.27,
    0.24999999999999997,
    0.24999999999999997,
    0.24999999999999997,
    0.24999999999999997,
    0.24999999999999997,
    0.32,
    -0.04999999999999999
  ],
  "model_complexity": [
    9,
    9,
    9,
    9,
    9,
    9,
    9,
    17,
    17,
    17,
    11,
    11,
    11,
    11,
    13,
    9,
    9,
    9,
    9,
    9,
    19,
    23,
    23,
    23,
    18,
    11,
    11,
    11,
    11,
    11,
    13,
    13,
    13,
    13,
    13,
    11,
    11,
    11,
    11,
    11,
    13,
    13,
    13,
    13,
    13,
    15,
    15,
    15,
    15,
    15,
    13,
    13
  ],
  "iterations": [
    1,
    2,
    3,
    4,
    5,
    6,
    7,
    8,
    9,
    10,
    11,
    12,
    13,
    14,
    15,
    16,
    17,
    18,
    19,
    20,
    21,
    22,
    23,
    24,
    25,
    26,
    27,
    28,
    29,
    30,
    31,
    32,
    33,
    34,
    35,
    36,
    37,
    38,
    39,
    40,
    41,
    42,
    43,
    44,
    45,
    46,
    47,
    48,
    49,
    50,
    51,
    10
  ],
  "exploration_paths": [
    "(((Q(t+1) = Q(t) + (R(t) - Q(t))) / temp) / temp) * alpha",
    "(((Q(t+1) = Q(t) + (R(t) - Q(t))) / temp) / temp) * alpha",
    "(((Q(t+1) = Q(t) + (R(t) - Q(t))) / temp) / temp) * (1 - gamma)",
    "(((Q(t+1) = Q(t) + (R(t) - Q(t))) / temp) / temp) * (1 - gamma)",
    "(((Q(t+1) = Q(t) + (R(t) - Q(t))) / temp) / temp) * (1 - gamma)",
    "(((Q(t+1) = Q(t) + (R(t) - Q(t))) / temp) / temp) * (1 - gamma)",
    "(((Q(t+1) = Q(t) + (R(t) - Q(t))) / temp) / temp) * (1 - gamma)",
    "(((Q(t+1) = Q(t) + (R(t) - Q(t))) / temp) / temp) * (1 - gamma)",
    "(((Q(t+1) = Q(t) + (R(t) - Q(t))) / temp) / temp) / temp",
    "(((Q(t+1) = Q(t) + (R(t) - Q(t))) / temp) / temp) / temp"
  ]
}