{
  "scores": [
    0.36000000000000004,
    0.26,
    0.34,
    0.11999999999999994,
    0.36000000000000004,
    0.25,
    0.19999999999999996,
    -0.010000000000000009,
    0.15999999999999998,
    -0.09000000000000008,
    0.29000000000000004,
    0.19999999999999996,
    0.27,
    0.17999999999999994,
    0.09000000000000002,
    -0.14,
    0.34,
    0.02999999999999997,
    0.15999999999999998,
    0.21999999999999997,
    0.27,
    0.04999999999999999,
    0.29000000000000004,
    0.09999999999999998,
    0.27,
    0.07999999999999996,
    0.020000000000000018,
    0.06,
    0.3,
    0.09999999999999998,
    0.34,
    0.10999999999999999,
    0.29000000000000004,
    0.24,
    0.29000000000000004,
    0.20999999999999996,
    0.07,
    0.22999999999999998,
    -0.09000000000000002,
    0.13,
    0.34,
    0.15000000000000002,
    0.32,
    0.030000000000000027,
    0.07,
    0.04999999999999999,
    0.19999999999999996,
    0.050000000000000044,
    0.19999999999999996,
    -0.010000000000000009,
    0.21999999999999997,
    0.030000000000000027
  ],
  "model_complexity": [
    9,
    9,
    11,
    11,
    9,
    9,
    15,
    15,
    19,
    19,
    11,
    11,
    13,
    13,
    21,
    21,
    11,
    11,
    19,
    19,
    13,
    13,
    11,
    11,
    13,
    13,
    23,
    23,
    15,
    15,
    11,
    11,
    11,
    11,
    11,
    11,
    23,
    23,
    29,
    29,
    11,
    11,
    13,
    13,
    23,
    23,
    15,
    15,
    15,
    15,
    13,
    13
  ],
  "iterations": [
    1,
    0,
    3,
    1,
    5,
    2,
    7,
    3,
    9,
    4,
    11,
    5,
    13,
    6,
    15,
    7,
    17,
    8,
    19,
    9,
    21,
    10,
    23,
    11,
    25,
    12,
    27,
    13,
    29,
    14,
    31,
    15,
    33,
    16,
    35,
    17,
    37,
    18,
    39,
    19,
    41,
    20,
    43,
    21,
    45,
    22,
    47,
    23,
    49,
    24,
    51,
    25
  ],
  "exploration_paths": [
    "(((Q(t+1) = Q(t) + (R(t) - Q(t))) / temp) / temp) / temp",
    "(((Q(t+1) = Q(t) + (R(t) - Q(t))) / temp) / temp) / temp",
    "(((Q(t+1) = Q(t) + (R(t) - Q(t))) * alpha) / temp) / temp",
    "\\[Q(t+1) = Q(t) + \\alpha(R(t) - Q(t)) * \\text{sigmoid}(\\beta (R(t) - Q(t))) - \\gamma \\cdot \\text{tanh}(\\delta (R(t) - Q(t))) + \\epsilon \\cdot \\text{PE}(t)^2\\]",
    "(((Q(t+1) = Q(t) + (R(t) - Q(t))) * (1 - gamma)) / temp) * alpha",
    "(((Q(t+1) = Q(t) + (R(t) - Q(t))) * (1 - gamma)) / temp) * alpha",
    "(((Q(t+1) = Q(t) + (R(t) - Q(t))) + bias) / temp) * (1 - gamma)",
    "(((Q(t+1) = Q(t) + (R(t) - Q(t))) + bias) / temp) * (1 - gamma)",
    "(((Q(t+1) = Q(t) + (R(t) - Q(t))) / temp) + bias) * alpha",
    "(((Q(t+1) = Q(t) + (R(t) - Q(t))) / temp) + bias) * alpha"
  ]
}