{
  "scores": [
    0.36000000000000004,
    0.26,
    0.34,
    0.11999999999999994,
    0.36000000000000004,
    0.25,
    0.36000000000000004,
    0.18999999999999995,
    0.29000000000000004,
    0.10999999999999999,
    0.29000000000000004,
    0.19999999999999996,
    0.34,
    0.17999999999999994,
    0.35000000000000003,
    0.26,
    0.27,
    0.02999999999999997,
    0.34,
    0.12,
    0.27,
    0.14999999999999997,
    0.27,
    0.09999999999999998,
    0.12999999999999995,
    0.17999999999999994,
    0.27,
    0.06,
    0.27,
    0.09999999999999998,
    0.10999999999999999,
    0.20999999999999996,
    0.29000000000000004,
    0.24,
    0.29000000000000004,
    0.20999999999999996,
    0.29000000000000004,
    0.13,
    0.3,
    0.13,
    0.27,
    0.050000000000000044,
    0.27,
    0.030000000000000027,
    0.27,
    -0.04999999999999999,
    0.27,
    0.050000000000000044,
    0.22999999999999995,
    -0.010000000000000009,
    0.27,
    0.030000000000000027
  ],
  "model_complexity": [
    9,
    9,
    11,
    11,
    9,
    9,
    9,
    9,
    11,
    11,
    11,
    11,
    11,
    11,
    10,
    10,
    13,
    13,
    11,
    11,
    13,
    13,
    13,
    13,
    17,
    17,
    13,
    13,
    13,
    13,
    19,
    19,
    11,
    11,
    11,
    11,
    11,
    11,
    15,
    15,
    13,
    13,
    13,
    13,
    13,
    13,
    13,
    13,
    17,
    17,
    13,
    13
  ],
  "iterations": [
    1,
    0,
    3,
    1,
    5,
    2,
    7,
    3,
    9,
    4,
    11,
    5,
    13,
    6,
    15,
    7,
    17,
    8,
    19,
    9,
    21,
    10,
    23,
    11,
    25,
    12,
    27,
    13,
    29,
    14,
    31,
    15,
    33,
    16,
    35,
    17,
    37,
    18,
    39,
    19,
    41,
    20,
    43,
    21,
    45,
    22,
    47,
    23,
    49,
    24,
    51,
    25
  ],
  "exploration_paths": [
    "(((Q(t+1) = Q(t) + (R(t) - Q(t))) * alpha) / temp) / temp",
    "(((Q(t+1) = Q(t) + (R(t) - Q(t))) * alpha) / temp) / temp",
    "(((Q(t+1) = Q(t) + (R(t) - Q(t))) + bias) / temp) / temp",
    "(((Q(t+1) = Q(t) + (R(t) - Q(t))) + bias) / temp) / temp",
    "(((Q(t+1) = Q(t) + (R(t) - Q(t))) / temp) / temp) * alpha",
    "(((Q(t+1) = Q(t) + (R(t) - Q(t))) / temp) / temp) * alpha",
    "(((Q(t+1) = Q(t) + (R(t) - Q(t))) * (1 - gamma)) / temp) * (1 - gamma)",
    "(((Q(t+1) = Q(t) + (R(t) - Q(t))) * (1 - gamma)) / temp) * (1 - gamma)",
    "(((Q(t+1) = Q(t) + (R(t) - Q(t))) / temp) * alpha) * alpha",
    "(((Q(t+1) = Q(t) + (R(t) - Q(t))) / temp) * alpha) * alpha"
  ]
}